{"train/epoch":0.00019428571428571428,"train/learning_rate":4.9999995343158236e-05,"train/grad_norm":1.546875,"_wandb":{"runtime":21},"_timestamp":1.739487417794614e+09,"train/global_step":51,"train/loss":10.0699,"_runtime":21.312138508,"_step":50}