{"_runtime":206.116828581,"_timestamp":1.7394873466044605e+09,"train/epoch":0.0016266666666666667,"_step":853,"train/grad_norm":2.75,"train/learning_rate":4.9999673558061756e-05,"train/global_step":854,"train/loss":7.0937,"_wandb":{"runtime":206}}