{"train/global_step":75,"train/loss":9.8699,"train/grad_norm":1.046875,"_runtime":48.190968722,"train/learning_rate":4.999995971591123e-05,"_timestamp":1.739487511464537e+09,"_step":74,"_wandb":{"runtime":48},"train/epoch":0.0005714285714285715}