{"train/grad_norm":0.9390127658843994,"train/learning_rate":4.999993671997265e-05,"_wandb":{"runtime":65},"_step":93,"_timestamp":1.7394876330518632e+09,"train/epoch":0.0007161904761904762,"train/loss":9.7415,"train/global_step":94,"_runtime":65.840970418}